ID,First Name,Last Name,Program,Year,Gender
2024-1001,James,Santos,NULL,1,Male
2023-1002,Maria,Reyes,NULL,2,Female
2022-1003,John,Cruz,NULL,3,Other
2021-1004,Anna,Bautista,BSCE,4,Male
2024-1005,Robert,Ocampo,BSEE,1,Female
2023-1006,Patricia,Garcia,BSME,2,Other
2022-1007,Michael,Mendoza,BSA,3,Male
2021-1008,Jennifer,Torres,BSBA,4,Female
2024-1009,William,Flores,BSMA,1,Other
2023-1010,Linda,Villanueva,BSPSY,2,Male
2022-1011,David,Ramos,BSBIO,3,Female
2021-1012,Barbara,Aquino,BSMATH,4,Other
2024-1013,Richard,Castillo,BSED,1,Male
2023-1014,Susan,dela Cruz,BEED,2,Female
2022-1015,Joseph,Fernandez,BSN,3,Other
2021-1016,Jessica,Gonzales,BSPH,4,Male
2024-1017,Thomas,Hernandez,BSPHAR,1,Female
2023-1018,Sarah,Lopez,BSCRIM,2,Other
2022-1019,Charles,Martinez,BSCYBER,3,Male
2021-1020,Karen,Morales,BSFS,4,Female
2024-1021,Christopher,Navarro,NULL,1,Other
2023-1022,Lisa,Ortega,NULL,2,Male
2022-1023,Daniel,Perez,NULL,3,Female
2021-1024,Nancy,Quizon,BSCE,4,Other
2024-1025,Matthew,Rivera,BSEE,1,Male
2023-1026,Betty,Soriano,BSME,2,Female
2022-1027,Anthony,Tan,BSA,3,Other
2021-1028,Margaret,Uy,BSBA,4,Male
2024-1029,Mark,Valdez,BSMA,1,Female
2023-1030,Sandra,Vergara,BSPSY,2,Other
2022-1031,Donald,Aguilar,BSBIO,3,Male
2021-1032,Ashley,Alcantara,BSMATH,4,Female
2024-1033,Steven,Alvarez,BSED,1,Other
2023-1034,Dorothy,Andrade,BEED,2,Male
2022-1035,Paul,Arroyo,BSN,3,Female
2021-1036,Kimberly,Batungbakal,BSPH,4,Other
2024-1037,Andrew,Camacho,BSPHAR,1,Male
2023-1038,Emily,Campos,BSCRIM,2,Female
2022-1039,Joshua,Canlas,BSCYBER,3,Other
2021-1040,Donna,Capili,BSFS,4,Male
2024-1041,Kenneth,Cayabyab,NULL,1,Female
2023-1042,Michelle,Concepcion,NULL,2,Other
2022-1043,Kevin,Constantino,NULL,3,Male
2021-1044,Carol,Corpuz,BSCE,4,Female
2024-1045,Brian,Dalisay,BSEE,1,Other
2023-1046,Amanda,de Guzman,BSME,2,Male
2022-1047,George,Dela Rosa,BSA,3,Female
2021-1048,Melissa,Domingo,BSBA,4,Other
2024-1049,Timothy,Enriquez,BSMA,1,Male
2023-1050,Deborah,Esguerra,BSPSY,2,Female
2022-1051,Ronald,Espiritu,BSBIO,3,Other
2021-1052,Stephanie,Estrada,BSMATH,4,Male
2024-1053,Edward,Evangelista,BSED,1,Female
2023-1054,Rebecca,Fajardo,BEED,2,Other
2022-1055,Jason,Figueroa,BSN,3,Male
2021-1056,Sharon,Francisco,BSPH,4,Female
2024-1057,Jeffrey,Galvez,BSPHAR,1,Other
2023-1058,Laura,Gamboa,BSCRIM,2,Male
2022-1059,Ryan,Guevarra,BSCYBER,3,Female
2021-1060,Cynthia,Gutierrez,BSFS,4,Other
2024-1061,Jacob,Ilagan,NULL,1,Male
2023-1062,Kathleen,Jimenez,NULL,2,Female
2022-1063,Gary,Lacson,NULL,3,Other
2021-1064,Amy,Laurel,BSCE,4,Male
2024-1065,Nicholas,Lazaro,BSEE,1,Female
2023-1066,Angela,Lim,BSME,2,Other
2022-1067,Eric,Llanes,BSA,3,Male
2021-1068,Shirley,Macapagal,BSBA,4,Female
2024-1069,Jonathan,Maceda,BSMA,1,Other
2023-1070,Brenda,Magno,BSPSY,2,Male
2022-1071,Stephen,Magsaysay,BSBIO,3,Female
2021-1072,Pamela,Marasigan,BSMATH,4,Other
2024-1073,Larry,Mercado,BSED,1,Male
2023-1074,Emma,Miranda,BEED,2,Female
2022-1075,Justin,Molina,BSN,3,Other
2021-1076,Nicole,Montes,BSPH,4,Male
2024-1077,Scott,Montoya,BSPHAR,1,Female
2023-1078,Helen,Moral,BSCRIM,2,Other
2022-1079,Brandon,Natividad,BSCYBER,3,Male
2021-1080,Samantha,Nieto,BSFS,4,Female
2024-1081,Raymond,Padilla,NULL,1,Other
2023-1082,Katherine,Paglinawan,NULL,2,Male
2022-1083,Frank,Palma,NULL,3,Female
2021-1084,Christine,Pascual,BSCE,4,Other
2024-1085,Gregory,Pastor,BSEE,1,Male
2023-1086,Debra,Pineda,BSME,2,Female
2022-1087,Benjamin,Ponce,BSA,3,Other
2021-1088,Rachel,Prieto,BSBA,4,Male
2024-1089,Samuel,Quijano,BSMA,1,Female
2023-1090,Carolyn,Quirino,BSPSY,2,Other
2022-1091,Alexander,Regalado,BSBIO,3,Male
2021-1092,Janet,Robles,BSMATH,4,Female
2024-1093,Patrick,Romualdez,BSED,1,Other
2023-1094,Catherine,Roxas,BEED,2,Male
2022-1095,Jack,Ruiz,BSN,3,Female
2021-1096,Heather,Salazar,BSPH,4,Other
2024-1097,Dennis,Salgado,BSPHAR,1,Male
2023-1098,Maria,Salinas,BSCRIM,2,Female
2022-1099,Jerry,Santiago,BSCYBER,3,Other
2021-1100,Frances,Serrano,BSFS,4,Male
2024-1101,Walter,Sierra,NULL,1,Female
2023-1102,Jean,Silva,NULL,2,Other
2022-1103,Harold,Suarez,NULL,3,Male
2021-1104,Evelyn,Tabada,BSCE,4,Female
2024-1105,Peter,Tagle,BSEE,1,Other
2023-1106,Joyce,Tinio,BSME,2,Male
2022-1107,Carl,Toledo,BSA,3,Female
2021-1108,Andrea,Tolentino,BSBA,4,Other
2024-1109,Douglas,Trinidad,BSMA,1,Male
2023-1110,Diana,Tuazon,BSPSY,2,Female
2022-1111,Henry,Umali,BSBIO,3,Other
2021-1112,Alice,Vargas,BSMATH,4,Male
2024-1113,Arthur,Velasco,BSED,1,Female
2023-1114,Julie,Velasquez,BEED,2,Other
2022-1115,Ryan,Vera,BSN,3,Male
2021-1116,Ann,Vicente,BSPH,4,Female
2024-1117,Joe,Villalobos,BSPHAR,1,Other
2023-1118,Grace,Villanueva,BSCRIM,2,Male
2022-1119,Theresa,Villaroel,BSCYBER,3,Female
2021-1120,Adam,Yap,BSFS,4,Other
2024-1121,Denise,Zamora,NULL,1,Male
2023-1122,Bruce,Zobel,NULL,2,Female
2022-1123,Amber,Abat,NULL,3,Other
2021-1124,Aaron,Abad,BSCE,4,Male
2024-1125,Megan,Abalos,BSEE,1,Female
2023-1126,Albert,Abante,BSME,2,Other
2022-1127,Cheryl,Abarca,BSA,3,Male
2021-1128,Sean,Santos,BSBA,4,Female
2024-1129,Beverly,Reyes,BSMA,1,Other
2023-1130,Phillip,Cruz,BSPSY,2,Male
2022-1131,Danielle,Bautista,BSBIO,3,Female
2021-1132,Kyle,Ocampo,BSMATH,4,Other
2024-1133,Rose,Garcia,BSED,1,Male
2023-1134,Jose,Mendoza,BEED,2,Female
2022-1135,Judith,Torres,BSN,3,Other
2021-1136,Nathan,Flores,BSPH,4,Male
2024-1137,Virginia,Villanueva,BSPHAR,1,Female
2023-1138,Harold,Ramos,BSCRIM,2,Other
2022-1139,Kelly,Aquino,BSCYBER,3,Male
2021-1140,Keith,Castillo,BSFS,4,Female
2024-1141,Christina,dela Cruz,NULL,1,Other
2023-1142,Jesse,Fernandez,NULL,2,Male
2022-1143,Lauren,Gonzales,NULL,3,Female
2021-1144,James,Hernandez,BSCE,4,Other
2024-1145,Maria,Lopez,BSEE,1,Male
2023-1146,John,Martinez,BSME,2,Female
2022-1147,Anna,Morales,BSA,3,Other
2021-1148,Robert,Navarro,BSBA,4,Male
2024-1149,Patricia,Ortega,BSMA,1,Female
2023-1150,Michael,Perez,BSPSY,2,Other
2022-1151,Jennifer,Quizon,BSBIO,3,Male
2021-1152,William,Rivera,BSMATH,4,Female
2024-1153,Linda,Soriano,BSED,1,Other
2023-1154,David,Tan,BEED,2,Male
2022-1155,Barbara,Uy,BSN,3,Female
2021-1156,Richard,Valdez,BSPH,4,Other
2024-1157,Susan,Vergara,BSPHAR,1,Male
2023-1158,Joseph,Aguilar,BSCRIM,2,Female
2022-1159,Jessica,Alcantara,BSCYBER,3,Other
2021-1160,Thomas,Alvarez,BSFS,4,Male
2024-1161,Sarah,Andrade,NULL,1,Female
2023-1162,Charles,Arroyo,NULL,2,Other
2022-1163,Karen,Batungbakal,NULL,3,Male
2021-1164,Christopher,Camacho,BSCE,4,Female
2024-1165,Lisa,Campos,BSEE,1,Other
2023-1166,Daniel,Canlas,BSME,2,Male
2022-1167,Nancy,Capili,BSA,3,Female
2021-1168,Matthew,Cayabyab,BSBA,4,Other
2024-1169,Betty,Concepcion,BSMA,1,Male
2023-1170,Anthony,Constantino,BSPSY,2,Female
2022-1171,Margaret,Corpuz,BSBIO,3,Other
2021-1172,Mark,Dalisay,BSMATH,4,Male
2024-1173,Sandra,de Guzman,BSED,1,Female
2023-1174,Donald,Dela Rosa,BEED,2,Other
2022-1175,Ashley,Domingo,BSN,3,Male
2021-1176,Steven,Enriquez,BSPH,4,Female
2024-1177,Dorothy,Esguerra,BSPHAR,1,Other
2023-1178,Paul,Espiritu,BSCRIM,2,Male
2022-1179,Kimberly,Estrada,BSCYBER,3,Female
2021-1180,Andrew,Evangelista,BSFS,4,Other
2024-1181,Emily,Fajardo,NULL,1,Male
2023-1182,Joshua,Figueroa,NULL,2,Female
2022-1183,Donna,Francisco,NULL,3,Other
2021-1184,Kenneth,Galvez,BSCE,4,Male
2024-1185,Michelle,Gamboa,BSEE,1,Female
2023-1186,Kevin,Guevarra,BSME,2,Other
2022-1187,Carol,Gutierrez,BSA,3,Male
2021-1188,Brian,Ilagan,BSBA,4,Female
2024-1189,Amanda,Jimenez,BSMA,1,Other
2023-1190,George,Lacson,BSPSY,2,Male
2022-1191,Melissa,Laurel,BSBIO,3,Female
2021-1192,Timothy,Lazaro,BSMATH,4,Other
2024-1193,Deborah,Lim,BSED,1,Male
2023-1194,Ronald,Llanes,BEED,2,Female
2022-1195,Stephanie,Macapagal,BSN,3,Other
2021-1196,Edward,Maceda,BSPH,4,Male
2024-1197,Rebecca,Magno,BSPHAR,1,Female
2023-1198,Jason,Magsaysay,BSCRIM,2,Other
2022-1199,Sharon,Marasigan,BSCYBER,3,Male
2021-1200,Jeffrey,Mercado,BSFS,4,Female
2024-1201,Laura,Miranda,NULL,1,Other
2023-1202,Ryan,Molina,NULL,2,Male
2022-1203,Cynthia,Montes,NULL,3,Female
2021-1204,Jacob,Montoya,BSCE,4,Other
2024-1205,Kathleen,Moral,BSEE,1,Male
2023-1206,Gary,Natividad,BSME,2,Female
2022-1207,Amy,Nieto,BSA,3,Other
2021-1208,Nicholas,Padilla,BSBA,4,Male
2024-1209,Angela,Paglinawan,BSMA,1,Female
2023-1210,Eric,Palma,BSPSY,2,Other
2022-1211,Shirley,Pascual,BSBIO,3,Male
2021-1212,Jonathan,Pastor,BSMATH,4,Female
2024-1213,Brenda,Pineda,BSED,1,Other
2023-1214,Stephen,Ponce,BEED,2,Male
2022-1215,Pamela,Prieto,BSN,3,Female
2021-1216,Larry,Quijano,BSPH,4,Other
2024-1217,Emma,Quirino,BSPHAR,1,Male
2023-1218,Justin,Regalado,BSCRIM,2,Female
2022-1219,Nicole,Robles,BSCYBER,3,Other
2021-1220,Scott,Romualdez,BSFS,4,Male
2024-1221,Helen,Roxas,NULL,1,Female
2023-1222,Brandon,Ruiz,NULL,2,Other
2022-1223,Samantha,Salazar,NULL,3,Male
2021-1224,Raymond,Salgado,BSCE,4,Female
2024-1225,Katherine,Salinas,BSEE,1,Other
2023-1226,Frank,Santiago,BSME,2,Male
2022-1227,Christine,Serrano,BSA,3,Female
2021-1228,Gregory,Sierra,BSBA,4,Other
2024-1229,Debra,Silva,BSMA,1,Male
2023-1230,Benjamin,Suarez,BSPSY,2,Female
2022-1231,Rachel,Tabada,BSBIO,3,Other
2021-1232,Samuel,Tagle,BSMATH,4,Male
2024-1233,Carolyn,Tinio,BSED,1,Female
2023-1234,Alexander,Toledo,BEED,2,Other
2022-1235,Janet,Tolentino,BSN,3,Male
2021-1236,Patrick,Trinidad,BSPH,4,Female
2024-1237,Catherine,Tuazon,BSPHAR,1,Other
2023-1238,Jack,Umali,BSCRIM,2,Male
2022-1239,Heather,Vargas,BSCYBER,3,Female
2021-1240,Dennis,Velasco,BSFS,4,Other
2024-1241,Maria,Velasquez,NULL,1,Male
2023-1242,Jerry,Vera,NULL,2,Female
2022-1243,Frances,Vicente,NULL,3,Other
2021-1244,Walter,Villalobos,BSCE,4,Male
2024-1245,Jean,Villanueva,BSEE,1,Female
2023-1246,Harold,Villaroel,BSME,2,Other
2022-1247,Evelyn,Yap,BSA,3,Male
2021-1248,Peter,Zamora,BSBA,4,Female
2024-1249,Joyce,Zobel,BSMA,1,Other
2023-1250,Carl,Abat,BSPSY,2,Male
2022-1251,Andrea,Abad,BSBIO,3,Female
2021-1252,Douglas,Abalos,BSMATH,4,Other
2024-1253,Diana,Abante,BSED,1,Male
2023-1254,Henry,Abarca,BEED,2,Female
2022-1255,Alice,Santos,BSN,3,Other
2021-1256,Arthur,Reyes,BSPH,4,Male
2024-1257,Julie,Cruz,BSPHAR,1,Female
2023-1258,Ryan,Bautista,BSCRIM,2,Other
2022-1259,Ann,Ocampo,BSCYBER,3,Male
2021-1260,Joe,Garcia,BSFS,4,Female
2024-1261,Grace,Mendoza,NULL,1,Other
2023-1262,Theresa,Torres,NULL,2,Male
2022-1263,Adam,Flores,NULL,3,Female
2021-1264,Denise,Villanueva,BSCE,4,Other
2024-1265,Bruce,Ramos,BSEE,1,Male
2023-1266,Amber,Aquino,BSME,2,Female
2022-1267,Aaron,Castillo,BSA,3,Other
2021-1268,Megan,dela Cruz,BSBA,4,Male
2024-1269,Albert,Fernandez,BSMA,1,Female
2023-1270,Cheryl,Gonzales,BSPSY,2,Other
2022-1271,Sean,Hernandez,BSBIO,3,Male
2021-1272,Beverly,Lopez,BSMATH,4,Female
2024-1273,Phillip,Martinez,BSED,1,Other
2023-1274,Danielle,Morales,BEED,2,Male
2022-1275,Kyle,Navarro,BSN,3,Female
2021-1276,Rose,Ortega,BSPH,4,Other
2024-1277,Jose,Perez,BSPHAR,1,Male
2023-1278,Judith,Quizon,BSCRIM,2,Female
2022-1279,Nathan,Rivera,BSCYBER,3,Other
2021-1280,Virginia,Soriano,BSFS,4,Male
2024-1281,Harold,Tan,NULL,1,Female
2023-1282,Kelly,Uy,NULL,2,Other
2022-1283,Keith,Valdez,NULL,3,Male
2021-1284,Christina,Vergara,BSCE,4,Female
2024-1285,Jesse,Aguilar,BSEE,1,Other
2023-1286,Lauren,Alcantara,BSME,2,Male
2022-1287,James,Alvarez,BSA,3,Female
2021-1288,Maria,Andrade,BSBA,4,Other
2024-1289,John,Arroyo,BSMA,1,Male
2023-1290,Anna,Batungbakal,BSPSY,2,Female
2022-1291,Robert,Camacho,BSBIO,3,Other
2021-1292,Patricia,Campos,BSMATH,4,Male
2024-1293,Michael,Canlas,BSED,1,Female
2023-1294,Jennifer,Capili,BEED,2,Other
2022-1295,William,Cayabyab,BSN,3,Male
2021-1296,Linda,Concepcion,BSPH,4,Female
2024-1297,David,Constantino,BSPHAR,1,Other
2023-1298,Barbara,Corpuz,BSCRIM,2,Male
2022-1299,Richard,Dalisay,BSCYBER,3,Female
2021-1300,Susan,de Guzman,BSFS,4,Other
2024-1301,Joseph,Dela Rosa,NULL,1,Male
2023-1302,Jessica,Domingo,NULL,2,Female
2022-1303,Thomas,Enriquez,NULL,3,Other
2021-1304,Sarah,Esguerra,BSCE,4,Male
2024-1305,Charles,Espiritu,BSEE,1,Female
2023-1306,Karen,Estrada,BSME,2,Other
2022-1307,Christopher,Evangelista,BSA,3,Male
2021-1308,Lisa,Fajardo,BSBA,4,Female
2024-1309,Daniel,Figueroa,BSMA,1,Other
2023-1310,Nancy,Francisco,BSPSY,2,Male
2022-1311,Matthew,Galvez,BSBIO,3,Female
2021-1312,Betty,Gamboa,BSMATH,4,Other
2024-1313,Anthony,Guevarra,BSED,1,Male
2023-1314,Margaret,Gutierrez,BEED,2,Female
2022-1315,Mark,Ilagan,BSN,3,Other
2021-1316,Sandra,Jimenez,BSPH,4,Male
2024-1317,Donald,Lacson,BSPHAR,1,Female
2023-1318,Ashley,Laurel,BSCRIM,2,Other
2022-1319,Steven,Lazaro,BSCYBER,3,Male
2021-1320,Dorothy,Lim,BSFS,4,Female
2024-1321,Paul,Llanes,NULL,1,Other
2023-1322,Kimberly,Macapagal,NULL,2,Male
2022-1323,Andrew,Maceda,NULL,3,Female
2021-1324,Emily,Magno,BSCE,4,Other
2024-1325,Joshua,Magsaysay,BSEE,1,Male
2023-1326,Donna,Marasigan,BSME,2,Female
2022-1327,Kenneth,Mercado,BSA,3,Other
2021-1328,Michelle,Miranda,BSBA,4,Male
2024-1329,Kevin,Molina,BSMA,1,Female
2023-1330,Carol,Montes,BSPSY,2,Other
2022-1331,Brian,Montoya,BSBIO,3,Male
2021-1332,Amanda,Moral,BSMATH,4,Female
2024-1333,George,Natividad,BSED,1,Other
2023-1334,Melissa,Nieto,BEED,2,Male
2022-1335,Timothy,Padilla,BSN,3,Female
2021-1336,Deborah,Paglinawan,BSPH,4,Other
2024-1337,Ronald,Palma,BSPHAR,1,Male
2023-1338,Stephanie,Pascual,BSCRIM,2,Female
2022-1339,Edward,Pastor,BSCYBER,3,Other
2021-1340,Rebecca,Pineda,BSFS,4,Male
2024-1341,Jason,Ponce,NULL,1,Female
2023-1342,Sharon,Prieto,NULL,2,Other
2022-1343,Jeffrey,Quijano,NULL,3,Male
2021-1344,Laura,Quirino,BSCE,4,Female
2024-1345,Ryan,Regalado,BSEE,1,Other
2023-1346,Cynthia,Robles,BSME,2,Male
2022-1347,Jacob,Romualdez,BSA,3,Female
2021-1348,Kathleen,Roxas,BSBA,4,Other
2024-1349,Gary,Ruiz,BSMA,1,Male
2023-1350,Amy,Salazar,BSPSY,2,Female
2022-1351,Nicholas,Salgado,BSBIO,3,Other
2021-1352,Angela,Salinas,BSMATH,4,Male
2024-1353,Eric,Santiago,BSED,1,Female
2023-1354,Shirley,Serrano,BEED,2,Other
2022-1355,Jonathan,Sierra,BSN,3,Male
2021-1356,Brenda,Silva,BSPH,4,Female
2024-1357,Stephen,Suarez,BSPHAR,1,Other
2023-1358,Pamela,Tabada,BSCRIM,2,Male
2022-1359,Larry,Tagle,BSCYBER,3,Female
2021-1360,Emma,Tinio,BSFS,4,Other
2024-1361,Justin,Toledo,NULL,1,Male
2023-1362,Nicole,Tolentino,NULL,2,Female
2022-1363,Scott,Trinidad,NULL,3,Other
2021-1364,Helen,Tuazon,BSCE,4,Male
2024-1365,Brandon,Umali,BSEE,1,Female
2023-1366,Samantha,Vargas,BSME,2,Other
2022-1367,Raymond,Velasco,BSA,3,Male
2021-1368,Katherine,Velasquez,BSBA,4,Female
2024-1369,Frank,Vera,BSMA,1,Other
2023-1370,Christine,Vicente,BSPSY,2,Male
2022-1371,Gregory,Villalobos,BSBIO,3,Female
2021-1372,Debra,Villanueva,BSMATH,4,Other
2024-1373,Benjamin,Villaroel,BSED,1,Male
2023-1374,Rachel,Yap,BEED,2,Female
2022-1375,Samuel,Zamora,BSN,3,Other
2021-1376,Carolyn,Zobel,BSPH,4,Male
2024-1377,Alexander,Abat,BSPHAR,1,Female
2023-1378,Janet,Abad,BSCRIM,2,Other
2022-1379,Patrick,Abalos,BSCYBER,3,Male
2021-1380,Catherine,Abante,BSFS,4,Female
2024-1381,Jack,Abarca,NULL,1,Other
2023-1382,Heather,Santos,NULL,2,Male
2022-1383,Dennis,Reyes,NULL,3,Female
2021-1384,Maria,Cruz,BSCE,4,Other
2024-1385,Jerry,Bautista,BSEE,1,Male
2023-1386,Frances,Ocampo,BSME,2,Female
2022-1387,Walter,Garcia,BSA,3,Other
2021-1388,Jean,Mendoza,BSBA,4,Male
2024-1389,Harold,Torres,BSMA,1,Female
2023-1390,Evelyn,Flores,BSPSY,2,Other
2022-1391,Peter,Villanueva,BSBIO,3,Male
2021-1392,Joyce,Ramos,BSMATH,4,Female
2024-1393,Carl,Aquino,BSED,1,Other
2023-1394,Andrea,Castillo,BEED,2,Male
2022-1395,Douglas,dela Cruz,BSN,3,Female
2021-1396,Diana,Fernandez,BSPH,4,Other
2024-1397,Henry,Gonzales,BSPHAR,1,Male
2023-1398,Alice,Hernandez,BSCRIM,2,Female
2022-1399,Arthur,Lopez,BSCYBER,3,Other
2021-1400,Julie,Martinez,BSFS,4,Male
2024-1401,Ryan,Morales,NULL,1,Female
2023-1402,Ann,Navarro,NULL,2,Other
2022-1403,Joe,Ortega,NULL,3,Male
2021-1404,Grace,Perez,BSCE,4,Female
2024-1405,Theresa,Quizon,BSEE,1,Other
2023-1406,Adam,Rivera,BSME,2,Male
2022-1407,Denise,Soriano,BSA,3,Female
2021-1408,Bruce,Tan,BSBA,4,Other
2024-1409,Amber,Uy,BSMA,1,Male
2023-1410,Aaron,Valdez,BSPSY,2,Female
2022-1411,Megan,Vergara,BSBIO,3,Other
2021-1412,Albert,Aguilar,BSMATH,4,Male
2024-1413,Cheryl,Alcantara,BSED,1,Female
2023-1414,Sean,Alvarez,BEED,2,Other
2022-1415,Beverly,Andrade,BSN,3,Male
2021-1416,Phillip,Arroyo,BSPH,4,Female
2024-1417,Danielle,Batungbakal,BSPHAR,1,Other
2023-1418,Kyle,Camacho,BSCRIM,2,Male
2022-1419,Rose,Campos,BSCYBER,3,Female
2021-1420,Jose,Canlas,BSFS,4,Other
2024-1421,Judith,Capili,NULL,1,Male
2023-1422,Nathan,Cayabyab,NULL,2,Female
2022-1423,Virginia,Concepcion,NULL,3,Other
2021-1424,Harold,Constantino,BSCE,4,Male
2024-1425,Kelly,Corpuz,BSEE,1,Female
2023-1426,Keith,Dalisay,BSME,2,Other
2022-1427,Christina,de Guzman,BSA,3,Male
2021-1428,Jesse,Dela Rosa,BSBA,4,Female
2024-1429,Lauren,Domingo,BSMA,1,Other
2023-1430,James,Enriquez,BSPSY,2,Male
2022-1431,Maria,Esguerra,BSBIO,3,Female
2021-1432,John,Espiritu,BSMATH,4,Other
2024-1433,Anna,Estrada,BSED,1,Male
2023-1434,Robert,Evangelista,BEED,2,Female
2022-1435,Patricia,Fajardo,BSN,3,Other
2021-1436,Michael,Figueroa,BSPH,4,Male
2024-1437,Jennifer,Francisco,BSPHAR,1,Female
2023-1438,William,Galvez,BSCRIM,2,Other
2022-1439,Linda,Gamboa,BSCYBER,3,Male
2021-1440,David,Guevarra,BSFS,4,Female
2024-1441,Barbara,Gutierrez,NULL,1,Other
2023-1442,Richard,Ilagan,NULL,2,Male
2022-1443,Susan,Jimenez,NULL,3,Female
2021-1444,Joseph,Lacson,BSCE,4,Other
2024-1445,Jessica,Laurel,BSEE,1,Male
2023-1446,Thomas,Lazaro,BSME,2,Female
2022-1447,Sarah,Lim,BSA,3,Other
2021-1448,Charles,Llanes,BSBA,4,Male
2024-1449,Karen,Macapagal,BSMA,1,Female
2023-1450,Christopher,Maceda,BSPSY,2,Other
2022-1451,Lisa,Magno,BSBIO,3,Male
2021-1452,Daniel,Magsaysay,BSMATH,4,Female
2024-1453,Nancy,Marasigan,BSED,1,Other
2023-1454,Matthew,Mercado,BEED,2,Male
2022-1455,Betty,Miranda,BSN,3,Female
2021-1456,Anthony,Molina,BSPH,4,Other
2024-1457,Margaret,Montes,BSPHAR,1,Male
2023-1458,Mark,Montoya,BSCRIM,2,Female
2022-1459,Sandra,Moral,BSCYBER,3,Other
2021-1460,Donald,Natividad,BSFS,4,Male
2024-1461,Ashley,Nieto,NULL,1,Female
2023-1462,Steven,Padilla,NULL,2,Other
2022-1463,Dorothy,Paglinawan,NULL,3,Male
2021-1464,Paul,Palma,BSCE,4,Female
2024-1465,Kimberly,Pascual,BSEE,1,Other
2023-1466,Andrew,Pastor,BSME,2,Male
2022-1467,Emily,Pineda,BSA,3,Female
2021-1468,Joshua,Ponce,BSBA,4,Other
2024-1469,Donna,Prieto,BSMA,1,Male
2023-1470,Kenneth,Quijano,BSPSY,2,Female
2022-1471,Michelle,Quirino,BSBIO,3,Other
2021-1472,Kevin,Regalado,BSMATH,4,Male
2024-1473,Carol,Robles,BSED,1,Female
2023-1474,Brian,Romualdez,BEED,2,Other
2022-1475,Amanda,Roxas,BSN,3,Male
2021-1476,George,Ruiz,BSPH,4,Female
2024-1477,Melissa,Salazar,BSPHAR,1,Other
2023-1478,Timothy,Salgado,BSCRIM,2,Male
2022-1479,Deborah,Salinas,BSCYBER,3,Female
2021-1480,Ronald,Santiago,BSFS,4,Other
2024-1481,Stephanie,Serrano,NULL,1,Male
2023-1482,Edward,Sierra,NULL,2,Female
2022-1483,Rebecca,Silva,NULL,3,Other
2021-1484,Jason,Suarez,BSCE,4,Male
2024-1485,Sharon,Tabada,BSEE,1,Female
2023-1486,Jeffrey,Tagle,BSME,2,Other
2022-1487,Laura,Tinio,BSA,3,Male
2021-1488,Ryan,Toledo,BSBA,4,Female
2024-1489,Cynthia,Tolentino,BSMA,1,Other
2023-1490,Jacob,Trinidad,BSPSY,2,Male
2022-1491,Kathleen,Tuazon,BSBIO,3,Female
2021-1492,Gary,Umali,BSMATH,4,Other
2024-1493,Amy,Vargas,BSED,1,Male
2023-1494,Nicholas,Velasco,BEED,2,Female
2022-1495,Angela,Velasquez,BSN,3,Other
2021-1496,Eric,Vera,BSPH,4,Male
2024-1497,Shirley,Vicente,BSPHAR,1,Female
2023-1498,Jonathan,Villalobos,BSCRIM,2,Other
2022-1499,Brenda,Villanueva,BSCYBER,3,Male
2021-1500,Stephen,Villaroel,BSFS,4,Female
